<?xml version="1.0" encoding="UTF-8"?>
<jcr:root xmlns:sling="http://sling.apache.org/jcr/sling/1.0" xmlns:cq="http://www.day.com/jcr/cq/1.0" xmlns:jcr="http://www.jcp.org/jcr/1.0" xmlns:nt="http://www.jcp.org/jcr/nt/1.0"
    jcr:isCheckedOut="{Boolean}false"
    jcr:primaryType="cq:WorkflowModel"
    jcr:uuid="b63401f9-9f7f-4bad-89b6-7108b1b3a01b"
    sling:resourceType="cq/workflow/components/model"
    description="No Description"
    title="EmailContact Workflow">
    <metaData
        cq:lastModified="{Long}1578513799295"
        cq:lastModifiedBy="admin"
        jcr:primaryType="nt:unstructured"/>
    <nodes jcr:primaryType="nt:unstructured">
        <node0
            jcr:primaryType="cq:WorkflowNode"
            title="Start"
            type="START">
            <metaData jcr:primaryType="nt:unstructured"/>
        </node0>
        <node1
            jcr:primaryType="cq:WorkflowNode"
            title="Complete Dialog"
            type="PARTICIPANT">
            <metaData
                jcr:primaryType="nt:unstructured"
                DIALOG_PATH="/etc/workflow/dialogs/EmailContactDialogStep/cq:dialog"
                DO_NOTIFY="true"
                PARTICIPANT="admin"/>
        </node1>
        <node2
            jcr:primaryType="cq:WorkflowNode"
            description="Take data from Dialog Step and Choose whether to Email / Archive"
            title="EmailContact Process Step"
            type="PROCESS">
            <metaData
                jcr:primaryType="nt:unstructured"
                PROCESS="actingreel.core.workflow.EmailContactProcessStep"/>
        </node2>
        <node3
            jcr:primaryType="cq:WorkflowNode"
            title="End"
            type="END">
            <metaData jcr:primaryType="nt:unstructured"/>
        </node3>
    </nodes>
    <transitions jcr:primaryType="nt:unstructured">
        <node0_x0023_node1
            jcr:primaryType="cq:WorkflowTransition"
            from="node0"
            rule=""
            to="node1">
            <metaData jcr:primaryType="nt:unstructured"/>
        </node0_x0023_node1>
        <node1_x0023_node2
            jcr:primaryType="cq:WorkflowTransition"
            from="node1"
            rule=""
            to="node2">
            <metaData jcr:primaryType="nt:unstructured"/>
        </node1_x0023_node2>
        <node2_x0023_node3
            jcr:primaryType="cq:WorkflowTransition"
            from="node2"
            to="node3">
            <metaData jcr:primaryType="nt:unstructured"/>
        </node2_x0023_node3>
    </transitions>
</jcr:root>
